2019-03-04T16:00:00.0/2019-03-04T16:15:00.0;0.0000;0.0000;0.0000;0.0000;0.0000
2019-03-04T16:15:00.0/2019-03-04T16:30:00.0;0.0000;0.0000;0.0000;0.0000;0.0000
2019-03-04T16:30:00.0/2019-03-04T16:45:00.0;0.0000;0.0000;0.0000;0.0000;0.0000
2019-03-04T16:45:00.0/2019-03-04T17:00:00.0;0.0000;0.0000;0.0000;0.0000;0.0000
2019-03-04T17:00:00.0/2019-03-04T17:15:00.0;0.0000;0.0000;0.0000;0.0000;0.0000
2019-03-04T17:15:00.0/2019-03-04T17:30:00.0;0.0000;0.0000;0.0000;0.0000;0.0000
2019-03-04T17:30:00.0/2019-03-04T17:45:00.0;0.0000;0.0000;0.0000;0.0000;0.0000
2019-03-04T17:45:00.0/2019-03-04T18:00:00.0;0.0000;0.0000;0.0000;0.0000;0.0000
2019-03-04T18:00:00.0/2019-03-04T18:15:00.0;0.0000;0.0000;0.0000;0.0000;0.0000
2019-03-04T18:15:00.0/2019-03-04T18:30:00.0;0.0000;0.0000;0.0000;0.0000;0.0000
2019-03-04T18:30:00.0/2019-03-04T18:45:00.0;0.0000;0.0000;0.0000;0.0000;0.0000
2019-03-04T18:45:00.0/2019-03-04T19:00:00.0;0.0000;0.0000;0.0000;0.0000;0.0000
2019-03-04T19:00:00.0/2019-03-04T19:15:00.0;0.0000;0.0000;0.0000;0.0000;0.0000
2019-03-04T19:15:00.0/2019-03-04T19:30:00.0;0.0000;0.0000;0.0000;0.0000;0.0000
2019-03-04T19:30:00.0/2019-03-04T19:45:00.0;0.0000;0.0000;0.0000;0.0000;0.0000
2019-03-04T19:45:00.0/2019-03-04T20:00:00.0;0.0000;0.0000;0.0000;0.0000;0.0000
2019-03-04T20:00:00.0/2019-03-04T20:15:00.0;0.0000;0.0000;0.0000;0.0000;0.0000
2019-03-04T20:15:00.0/2019-03-04T20:30:00.0;0.0000;0.0000;0.0000;0.0000;0.0000
2019-03-04T20:30:00.0/2019-03-04T20:45:00.0;0.0000;0.0000;0.0000;0.0000;0.0000
2019-03-04T20:45:00.0/2019-03-04T21:00:00.0;0.0000;0.0000;0.0000;0.0000;0.0000
2019-03-04T21:00:00.0/2019-03-04T21:15:00.0;0.0000;0.0000;0.0000;0.0000;0.0000
2019-03-04T21:15:00.0/2019-03-04T21:30:00.0;0.0000;0.0000;0.0000;0.0000;0.0000
2019-03-04T21:30:00.0/2019-03-04T21:45:00.0;0.0000;0.0000;0.0000;0.0000;0.0000
2019-03-04T21:45:00.0/2019-03-04T22:00:00.0;0.0000;0.0000;0.0000;0.0000;0.0000
2019-03-04T22:00:00.0/2019-03-04T22:15:00.0;0.0000;0.0000;0.0000;0.0000;0.0000
2019-03-04T22:15:00.0/2019-03-04T22:30:00.0;0.0000;0.0000;0.0000;0.0000;0.0000
2019-03-04T22:30:00.0/2019-03-04T22:45:00.0;0.0000;0.0000;0.0000;0.0000;0.0000
2019-03-04T22:45:00.0/2019-03-04T23:00:00.0;0.9275;0.1409;0.0001;0.1407;0.0000
2019-03-04T23:00:00.0/2019-03-04T23:15:00.0;14.6107;2.7110;0.0497;2.6613;0.9497
2019-03-04T23:15:00.0/2019-03-04T23:30:00.0;32.0553;7.1626;0.3725;6.7901;3.8693
2019-03-04T23:30:00.0/2019-03-04T23:45:00.0;49.2626;12.7202;1.1145;11.6057;7.7151
2019-03-04T23:45:00.0/2019-03-05T00:00:00.0;66.1590;19.2302;2.3426;16.8875;12.1658
2019-03-05T00:00:00.0/2019-03-05T00:15:00.0;82.6723;26.7163;4.1414;22.5749;17.2598
2019-03-05T00:15:00.0/2019-03-05T00:30:00.0;98.7316;35.1645;6.5867;28.5778;23.0264
2019-03-05T00:30:00.0/2019-03-05T00:45:00.0;114.2683;44.4424;9.7884;34.6540;29.5873
2019-03-05T00:45:00.0/2019-03-05T01:00:00.0;129.2158;54.4839;13.9067;40.5772;37.2013
2019-03-05T01:00:00.0/2019-03-05T01:15:00.0;143.5103;64.9628;18.7475;46.2153;45.1792
2019-03-05T01:15:00.0/2019-03-05T01:30:00.0;157.0903;75.6718;24.2201;51.4518;53.3415
2019-03-05T01:30:00.0/2019-03-05T01:45:00.0;169.8980;86.4163;30.2123;56.2039;61.5390
2019-03-05T01:45:00.0/2019-03-05T02:00:00.0;181.8785;97.0181;36.5976;60.4206;69.6481
2019-03-05T02:00:00.0/2019-03-05T02:15:00.0;192.9803;107.3498;43.2271;64.1227;77.5436
2019-03-05T02:15:00.0/2019-03-05T02:30:00.0;203.1562;117.3540;49.9283;67.4257;85.0875
2019-03-05T02:30:00.0/2019-03-05T02:45:00.0;212.3626;126.8405;56.7294;70.1111;92.4914
2019-03-05T02:45:00.0/2019-03-05T03:00:00.0;220.5599;136.0098;64.7813;71.2286;101.6949
2019-03-05T03:00:00.0/2019-03-05T03:15:00.0;227.7132;144.1285;72.2844;71.8441;109.9220
2019-03-05T03:15:00.0/2019-03-05T03:30:00.0;233.7919;151.0057;78.6579;72.3478;116.5085
2019-03-05T03:30:00.0/2019-03-05T03:45:00.0;238.7700;156.9583;84.5467;72.4116;122.6237
2019-03-05T03:45:00.0/2019-03-05T04:00:00.0;242.6262;161.9432;89.8681;72.0751;128.2728
2019-03-05T04:00:00.0/2019-03-05T04:15:00.0;245.3441;165.9266;94.5490;71.3775;133.4612
2019-03-05T04:15:00.0/2019-03-05T04:30:00.0;246.9120;168.8834;98.5256;70.3578;138.1928
2019-03-05T04:30:00.0/2019-03-05T04:45:00.0;247.3233;170.7965;101.7428;69.0537;142.4689
2019-03-05T04:45:00.0/2019-03-05T05:00:00.0;246.5764;171.6556;104.1537;67.5019;146.2873
2019-03-05T05:00:00.0/2019-03-05T05:15:00.0;244.6743;171.4571;105.7190;65.7380;149.6403
2019-03-05T05:15:00.0/2019-03-05T05:30:00.0;241.6255;170.2031;106.4069;63.7962;152.5141
2019-03-05T05:30:00.0/2019-03-05T05:45:00.0;237.4430;167.9012;106.1921;61.7091;154.8867
2019-03-05T05:45:00.0/2019-03-05T06:00:00.0;232.1447;164.6203;105.3823;59.2380;157.2159
2019-03-05T06:00:00.0/2019-03-05T06:15:00.0;225.7535;160.2694;104.0976;56.1718;159.6915
2019-03-05T06:15:00.0/2019-03-05T06:30:00.0;218.2968;154.7133;101.3459;53.3674;160.7790
2019-03-05T06:30:00.0/2019-03-05T06:45:00.0;209.8065;148.2335;97.7459;50.4876;161.3404
2019-03-05T06:45:00.0/2019-03-05T07:00:00.0;200.3192;140.8774;93.3239;47.5535;161.3336
2019-03-05T07:00:00.0/2019-03-05T07:15:00.0;189.8756;132.7122;88.1226;44.5896;160.7168
2019-03-05T07:15:00.0/2019-03-05T07:30:00.0;178.5204;123.7599;82.1574;41.6025;159.3621
2019-03-05T07:30:00.0/2019-03-05T07:45:00.0;166.3023;114.0730;75.4683;38.6046;157.1334
2019-03-05T07:45:00.0/2019-03-05T08:00:00.0;153.2739;103.7535;68.2757;35.4778;154.2379
2019-03-05T08:00:00.0/2019-03-05T08:15:00.0;139.4909;92.9622;60.9643;31.9978;151.3179
2019-03-05T08:15:00.0/2019-03-05T08:30:00.0;125.0126;81.6824;53.1427;28.5397;147.1592
2019-03-05T08:30:00.0/2019-03-05T08:45:00.0;109.9009;69.9933;44.8551;25.1382;141.2533
2019-03-05T08:45:00.0/2019-03-05T09:00:00.0;94.2206;58.0258;36.3002;21.7255;133.2955
2019-03-05T09:00:00.0/2019-03-05T09:15:00.0;78.0391;45.6796;27.3570;18.3225;121.0999
2019-03-05T09:15:00.0/2019-03-05T09:30:00.0;61.4258;33.1893;18.2267;14.9626;102.2723
2019-03-05T09:30:00.0/2019-03-05T09:45:00.0;44.4517;21.3751;10.1881;11.1871;78.5155
2019-03-05T09:45:00.0/2019-03-05T10:00:00.0;27.1898;10.8986;3.9692;6.9294;48.8021
2019-03-05T10:00:00.0/2019-03-05T10:15:00.0;9.7140;2.9197;0.5415;2.3782;13.1416
2019-03-05T10:15:00.0/2019-03-05T10:30:00.0;0.0000;0.0000;0.0000;0.0000;0.0000
2019-03-05T10:30:00.0/2019-03-05T10:45:00.0;0.0000;0.0000;0.0000;0.0000;0.0000
2019-03-05T10:45:00.0/2019-03-05T11:00:00.0;0.0000;0.0000;0.0000;0.0000;0.0000
2019-03-05T11:00:00.0/2019-03-05T11:15:00.0;0.0000;0.0000;0.0000;0.0000;0.0000
2019-03-05T11:15:00.0/2019-03-05T11:30:00.0;0.0000;0.0000;0.0000;0.0000;0.0000
2019-03-05T11:30:00.0/2019-03-05T11:45:00.0;0.0000;0.0000;0.0000;0.0000;0.0000
2019-03-05T11:45:00.0/2019-03-05T12:00:00.0;0.0000;0.0000;0.0000;0.0000;0.0000
2019-03-05T12:00:00.0/2019-03-05T12:15:00.0;0.0000;0.0000;0.0000;0.0000;0.0000
2019-03-05T12:15:00.0/2019-03-05T12:30:00.0;0.0000;0.0000;0.0000;0.0000;0.0000
2019-03-05T12:30:00.0/2019-03-05T12:45:00.0;0.0000;0.0000;0.0000;0.0000;0.0000
2019-03-05T12:45:00.0/2019-03-05T13:00:00.0;0.0000;0.0000;0.0000;0.0000;0.0000
2019-03-05T13:00:00.0/2019-03-05T13:15:00.0;0.0000;0.0000;0.0000;0.0000;0.0000
2019-03-05T13:15:00.0/2019-03-05T13:30:00.0;0.0000;0.0000;0.0000;0.0000;0.0000
2019-03-05T13:30:00.0/2019-03-05T13:45:00.0;0.0000;0.0000;0.0000;0.0000;0.0000
2019-03-05T13:45:00.0/2019-03-05T14:00:00.0;0.0000;0.0000;0.0000;0.0000;0.0000
2019-03-05T14:00:00.0/2019-03-05T14:15:00.0;0.0000;0.0000;0.0000;0.0000;0.0000
2019-03-05T14:15:00.0/2019-03-05T14:30:00.0;0.0000;0.0000;0.0000;0.0000;0.0000
2019-03-05T14:30:00.0/2019-03-05T14:45:00.0;0.0000;0.0000;0.0000;0.0000;0.0000
2019-03-05T14:45:00.0/2019-03-05T15:00:00.0;0.0000;0.0000;0.0000;0.0000;0.0000
2019-03-05T15:00:00.0/2019-03-05T15:15:00.0;0.0000;0.0000;0.0000;0.0000;0.0000
2019-03-05T15:15:00.0/2019-03-05T15:30:00.0;0.0000;0.0000;0.0000;0.0000;0.0000
2019-03-05T15:30:00.0/2019-03-05T15:45:00.0;0.0000;0.0000;0.0000;0.0000;0.0000
2019-03-05T15:45:00.0/2019-03-05T16:00:00.0;0.0000;0.0000;0.0000;0.0000;0.0000
2019-03-05T16:00:00.0/2019-03-05T16:15:00.0;0.0000;0.0000;0.0000;0.0000;0.0000
2019-03-05T16:15:00.0/2019-03-05T16:30:00.0;0.0000;0.0000;0.0000;0.0000;0.0000
2019-03-05T16:30:00.0/2019-03-05T16:45:00.0;0.0000;0.0000;0.0000;0.0000;0.0000
2019-03-05T16:45:00.0/2019-03-05T17:00:00.0;0.0000;0.0000;0.0000;0.0000;0.0000
2019-03-05T17:00:00.0/2019-03-05T17:15:00.0;0.0000;0.0000;0.0000;0.0000;0.0000
2019-03-05T17:15:00.0/2019-03-05T17:30:00.0;0.0000;0.0000;0.0000;0.0000;0.0000
2019-03-05T17:30:00.0/2019-03-05T17:45:00.0;0.0000;0.0000;0.0000;0.0000;0.0000
2019-03-05T17:45:00.0/2019-03-05T18:00:00.0;0.0000;0.0000;0.0000;0.0000;0.0000
2019-03-05T18:00:00.0/2019-03-05T18:15:00.0;0.0000;0.0000;0.0000;0.0000;0.0000
2019-03-05T18:15:00.0/2019-03-05T18:30:00.0;0.0000;0.0000;0.0000;0.0000;0.0000
2019-03-05T18:30:00.0/2019-03-05T18:45:00.0;0.0000;0.0000;0.0000;0.0000;0.0000
2019-03-05T18:45:00.0/2019-03-05T19:00:00.0;0.0000;0.0000;0.0000;0.0000;0.0000
2019-03-05T19:00:00.0/2019-03-05T19:15:00.0;0.0000;0.0000;0.0000;0.0000;0.0000
2019-03-05T19:15:00.0/2019-03-05T19:30:00.0;0.0000;0.0000;0.0000;0.0000;0.0000
2019-03-05T19:30:00.0/2019-03-05T19:45:00.0;0.0000;0.0000;0.0000;0.0000;0.0000
2019-03-05T19:45:00.0/2019-03-05T20:00:00.0;0.0000;0.0000;0.0000;0.0000;0.0000
2019-03-05T20:00:00.0/2019-03-05T20:15:00.0;0.0000;0.0000;0.0000;0.0000;0.0000
2019-03-05T20:15:00.0/2019-03-05T20:30:00.0;0.0000;0.0000;0.0000;0.0000;0.0000
2019-03-05T20:30:00.0/2019-03-05T20:45:00.0;0.0000;0.0000;0.0000;0.0000;0.0000
2019-03-05T20:45:00.0/2019-03-05T21:00:00.0;0.0000;0.0000;0.0000;0.0000;0.0000
2019-03-05T21:00:00.0/2019-03-05T21:15:00.0;0.0000;0.0000;0.0000;0.0000;0.0000
2019-03-05T21:15:00.0/2019-03-05T21:30:00.0;0.0000;0.0000;0.0000;0.0000;0.0000
2019-03-05T21:30:00.0/2019-03-05T21:45:00.0;0.0000;0.0000;0.0000;0.0000;0.0000
2019-03-05T21:45:00.0/2019-03-05T22:00:00.0;0.0000;0.0000;0.0000;0.0000;0.0000
2019-03-05T22:00:00.0/2019-03-05T22:15:00.0;0.0000;0.0000;0.0000;0.0000;0.0000
2019-03-05T22:15:00.0/2019-03-05T22:30:00.0;0.0000;0.0000;0.0000;0.0000;0.0000
2019-03-05T22:30:00.0/2019-03-05T22:45:00.0;0.0000;0.0000;0.0000;0.0000;0.0000
2019-03-05T22:45:00.0/2019-03-05T23:00:00.0;1.6071;0.4191;0.0414;0.3777;0.8711
2019-03-05T23:00:00.0/2019-03-05T23:15:00.0;16.3276;5.9696;2.0019;3.9678;38.0808
2019-03-05T23:15:00.0/2019-03-05T23:30:00.0;33.7731;16.0917;8.1965;7.8952;82.3666
2019-03-05T23:30:00.0/2019-03-05T23:45:00.0;50.9803;28.3122;17.2156;11.0966;116.0918
2019-03-05T23:45:00.0/2019-03-06T00:00:00.0;67.8754;41.5138;27.8565;13.6574;141.6191
2019-03-06T00:00:00.0/2019-03-06T00:15:00.0;84.3861;55.2118;39.5712;15.6406;162.0310
2019-03-06T00:15:00.0/2019-03-06T00:30:00.0;100.4418;69.0989;52.0124;17.0865;179.0603
2019-03-06T00:30:00.0/2019-03-06T00:45:00.0;115.9737;82.8678;64.7092;18.1586;193.0155
2019-03-06T00:45:00.0/2019-03-06T01:00:00.0;130.9153;96.3320;77.3588;18.9732;204.4595
2019-03-06T01:00:00.0/2019-03-06T01:15:00.0;145.2027;109.3633;89.7884;19.5749;213.9912
2019-03-06T01:15:00.0/2019-03-06T01:30:00.0;158.7747;121.8563;101.8596;19.9967;222.0294
2019-03-06T01:30:00.0/2019-03-06T01:45:00.0;171.5733;133.7223;113.4565;20.2658;228.8738
2019-03-06T01:45:00.0/2019-03-06T02:00:00.0;183.5436;144.8860;124.4810;20.4050;234.7459
2019-03-06T02:00:00.0/2019-03-06T02:15:00.0;194.6345;155.2869;134.8533;20.4336;239.8212
2019-03-06T02:15:00.0/2019-03-06T02:30:00.0;204.7984;164.8941;144.5261;20.3680;244.2721
2019-03-06T02:30:00.0/2019-03-06T02:45:00.0;213.9920;173.6368;153.4165;20.2203;248.1617
2019-03-06T02:45:00.0/2019-03-06T03:00:00.0;222.1757;181.4657;161.4650;20.0006;251.5625
2019-03-06T03:00:00.0/2019-03-06T03:15:00.0;229.3147;188.0903;167.9566;20.1337;253.5360
2019-03-06T03:15:00.0/2019-03-06T03:30:00.0;235.3785;193.4774;172.8359;20.6415;254.1800
2019-03-06T03:30:00.0/2019-03-06T03:45:00.0;240.3409;197.8511;176.7347;21.1164;254.5466
2019-03-06T03:45:00.0/2019-03-06T04:00:00.0;244.1810;201.1888;179.6316;21.5572;254.6494
2019-03-06T04:00:00.0/2019-03-06T04:15:00.0;246.8823;203.4733;181.5107;21.9626;254.4967
2019-03-06T04:15:00.0/2019-03-06T04:30:00.0;248.4333;204.6926;182.3617;22.3309;254.0924
2019-03-06T04:30:00.0/2019-03-06T04:45:00.0;248.8273;204.8404;182.1802;22.6602;253.4359
2019-03-06T04:45:00.0/2019-03-06T05:00:00.0;248.0628;203.9154;180.9672;22.9482;252.5226
2019-03-06T05:00:00.0/2019-03-06T05:15:00.0;246.1431;201.9219;178.7296;23.1923;251.3434
2019-03-06T05:15:00.0/2019-03-06T05:30:00.0;243.0764;198.8696;175.4800;23.3896;249.8845
2019-03-06T05:30:00.0/2019-03-06T05:45:00.0;238.8761;194.7733;171.2367;23.5366;248.1271
2019-03-06T05:45:00.0/2019-03-06T06:00:00.0;233.5601;189.6533;166.0239;23.6294;246.0463
2019-03-06T06:00:00.0/2019-03-06T06:15:00.0;227.1512;183.5782;159.9441;23.6340;243.7209
2019-03-06T06:15:00.0/2019-03-06T06:30:00.0;219.6771;176.5763;153.0294;23.5468;241.1141
2019-03-06T06:30:00.0/2019-03-06T06:45:00.0;211.1698;168.6391;145.2472;23.3919;238.0673
2019-03-06T06:45:00.0/2019-03-06T07:00:00.0;201.6658;159.8075;136.6457;23.1619;234.5183
2019-03-06T07:00:00.0/2019-03-06T07:15:00.0;191.2059;150.1280;127.2807;22.8473;230.3885
2019-03-06T07:15:00.0/2019-03-06T07:30:00.0;179.8349;139.6531;117.2165;22.4366;225.5780
2019-03-06T07:30:00.0/2019-03-06T07:45:00.0;167.6017;128.4425;106.5272;21.9153;219.9585
2019-03-06T07:45:00.0/2019-03-06T08:00:00.0;154.5588;116.5646;95.2985;21.2661;213.3624
2019-03-06T08:00:00.0/2019-03-06T08:15:00.0;140.7620;104.0984;83.6297;20.4687;205.5669
2019-03-06T08:15:00.0/2019-03-06T08:30:00.0;126.2706;91.1431;71.6658;19.4773;196.3443
2019-03-06T08:30:00.0/2019-03-06T08:45:00.0;111.1467;77.8094;59.5393;18.2701;185.2676
2019-03-06T08:45:00.0/2019-03-06T09:00:00.0;95.4551;64.2310;47.4109;16.8200;171.6998
2019-03-06T09:00:00.0/2019-03-06T09:15:00.0;79.2633;50.6481;35.6266;15.0215;155.2580
2019-03-06T09:15:00.0/2019-03-06T09:30:00.0;62.6405;37.2808;24.4755;12.8053;134.7146
2019-03-06T09:30:00.0/2019-03-06T09:45:00.0;45.6581;24.4273;14.3448;10.0824;107.7777
2019-03-06T09:45:00.0/2019-03-06T10:00:00.0;28.3889;12.7598;6.0670;6.6928;71.8620
2019-03-06T10:00:00.0/2019-03-06T10:15:00.0;10.9069;3.6387;1.0076;2.6311;23.3644
2019-03-06T10:15:00.0/2019-03-06T10:30:00.0;0.1017;0.0233;0.0009;0.0224;0.0000
2019-03-06T10:30:00.0/2019-03-06T10:45:00.0;0.0000;0.0000;0.0000;0.0000;0.0000
2019-03-06T10:45:00.0/2019-03-06T11:00:00.0;0.0000;0.0000;0.0000;0.0000;0.0000
2019-03-06T11:00:00.0/2019-03-06T11:15:00.0;0.0000;0.0000;0.0000;0.0000;0.0000
2019-03-06T11:15:00.0/2019-03-06T11:30:00.0;0.0000;0.0000;0.0000;0.0000;0.0000
2019-03-06T11:30:00.0/2019-03-06T11:45:00.0;0.0000;0.0000;0.0000;0.0000;0.0000
2019-03-06T11:45:00.0/2019-03-06T12:00:00.0;0.0000;0.0000;0.0000;0.0000;0.0000
2019-03-06T12:00:00.0/2019-03-06T12:15:00.0;0.0000;0.0000;0.0000;0.0000;0.0000
2019-03-06T12:15:00.0/2019-03-06T12:30:00.0;0.0000;0.0000;0.0000;0.0000;0.0000
2019-03-06T12:30:00.0/2019-03-06T12:45:00.0;0.0000;0.0000;0.0000;0.0000;0.0000
2019-03-06T12:45:00.0/2019-03-06T13:00:00.0;0.0000;0.0000;0.0000;0.0000;0.0000
2019-03-06T13:00:00.0/2019-03-06T13:15:00.0;0.0000;0.0000;0.0000;0.0000;0.0000
2019-03-06T13:15:00.0/2019-03-06T13:30:00.0;0.0000;0.0000;0.0000;0.0000;0.0000
2019-03-06T13:30:00.0/2019-03-06T13:45:00.0;0.0000;0.0000;0.0000;0.0000;0.0000
2019-03-06T13:45:00.0/2019-03-06T14:00:00.0;0.0000;0.0000;0.0000;0.0000;0.0000
2019-03-06T14:00:00.0/2019-03-06T14:15:00.0;0.0000;0.0000;0.0000;0.0000;0.0000
2019-03-06T14:15:00.0/2019-03-06T14:30:00.0;0.0000;0.0000;0.0000;0.0000;0.0000
2019-03-06T14:30:00.0/2019-03-06T14:45:00.0;0.0000;0.0000;0.0000;0.0000;0.0000
2019-03-06T14:45:00.0/2019-03-06T15:00:00.0;0.0000;0.0000;0.0000;0.0000;0.0000
2019-03-06T15:00:00.0/2019-03-06T15:15:00.0;0.0000;0.0000;0.0000;0.0000;0.0000
2019-03-06T15:15:00.0/2019-03-06T15:30:00.0;0.0000;0.0000;0.0000;0.0000;0.0000
2019-03-06T15:30:00.0/2019-03-06T15:45:00.0;0.0000;0.0000;0.0000;0.0000;0.0000
2019-03-06T15:45:00.0/2019-03-06T16:00:00.0;0.0000;0.0000;0.0000;0.0000;0.0000
2019-03-06T16:00:00.0/2019-03-06T16:15:00.0;0.0000;0.0000;0.0000;0.0000;0.0000
2019-03-06T16:15:00.0/2019-03-06T16:30:00.0;0.0000;0.0000;0.0000;0.0000;0.0000
2019-03-06T16:30:00.0/2019-03-06T16:45:00.0;0.0000;0.0000;0.0000;0.0000;0.0000
2019-03-06T16:45:00.0/2019-03-06T17:00:00.0;0.0000;0.0000;0.0000;0.0000;0.0000
2019-03-06T17:00:00.0/2019-03-06T17:15:00.0;0.0000;0.0000;0.0000;0.0000;0.0000
2019-03-06T17:15:00.0/2019-03-06T17:30:00.0;0.0000;0.0000;0.0000;0.0000;0.0000
2019-03-06T17:30:00.0/2019-03-06T17:45:00.0;0.0000;0.0000;0.0000;0.0000;0.0000
2019-03-06T17:45:00.0/2019-03-06T18:00:00.0;0.0000;0.0000;0.0000;0.0000;0.0000
2019-03-06T18:00:00.0/2019-03-06T18:15:00.0;0.0000;0.0000;0.0000;0.0000;0.0000
2019-03-06T18:15:00.0/2019-03-06T18:30:00.0;0.0000;0.0000;0.0000;0.0000;0.0000
2019-03-06T18:30:00.0/2019-03-06T18:45:00.0;0.0000;0.0000;0.0000;0.0000;0.0000
2019-03-06T18:45:00.0/2019-03-06T19:00:00.0;0.0000;0.0000;0.0000;0.0000;0.0000
2019-03-06T19:00:00.0/2019-03-06T19:15:00.0;0.0000;0.0000;0.0000;0.0000;0.0000
2019-03-06T19:15:00.0/2019-03-06T19:30:00.0;0.0000;0.0000;0.0000;0.0000;0.0000
2019-03-06T19:30:00.0/2019-03-06T19:45:00.0;0.0000;0.0000;0.0000;0.0000;0.0000
2019-03-06T19:45:00.0/2019-03-06T20:00:00.0;0.0000;0.0000;0.0000;0.0000;0.0000
2019-03-06T20:00:00.0/2019-03-06T20:15:00.0;0.0000;0.0000;0.0000;0.0000;0.0000
2019-03-06T20:15:00.0/2019-03-06T20:30:00.0;0.0000;0.0000;0.0000;0.0000;0.0000
2019-03-06T20:30:00.0/2019-03-06T20:45:00.0;0.0000;0.0000;0.0000;0.0000;0.0000
2019-03-06T20:45:00.0/2019-03-06T21:00:00.0;0.0000;0.0000;0.0000;0.0000;0.0000
2019-03-06T21:00:00.0/2019-03-06T21:15:00.0;0.0000;0.0000;0.0000;0.0000;0.0000
2019-03-06T21:15:00.0/2019-03-06T21:30:00.0;0.0000;0.0000;0.0000;0.0000;0.0000
2019-03-06T21:30:00.0/2019-03-06T21:45:00.0;0.0000;0.0000;0.0000;0.0000;0.0000
2019-03-06T21:45:00.0/2019-03-06T22:00:00.0;0.0000;0.0000;0.0000;0.0000;0.0000
2019-03-06T22:00:00.0/2019-03-06T22:15:00.0;0.0000;0.0000;0.0000;0.0000;0.0000
2019-03-06T22:15:00.0/2019-03-06T22:30:00.0;0.0000;0.0000;0.0000;0.0000;0.0000
2019-03-06T22:30:00.0/2019-03-06T22:45:00.0;0.0000;0.0000;0.0000;0.0000;0.0000
2019-03-06T22:45:00.0/2019-03-06T23:00:00.0;2.4064;0.6491;0.0768;0.5723;2.0342
2019-03-06T23:00:00.0/2019-03-06T23:15:00.0;18.0555;6.7420;2.2785;4.4634;40.0889
2019-03-06T23:15:00.0/2019-03-06T23:30:00.0;35.5011;16.9211;8.3444;8.5768;79.9030
2019-03-06T23:30:00.0/2019-03-06T23:45:00.0;52.7071;29.0546;17.0102;12.0445;110.9357
2019-03-06T23:45:00.0/2019-03-07T00:00:00.0;69.5998;42.1478;27.2401;14.9078;134.9977
2019-03-07T00:00:00.0/2019-03-07T00:15:00.0;86.1071;55.4521;37.9930;17.4591;152.4477
2019-03-07T00:15:00.0/2019-03-07T00:30:00.0;102.1581;68.5938;48.6834;19.9104;164.7487
2019-03-07T00:30:00.0/2019-03-07T00:45:00.0;117.6841;81.5508;59.3329;22.2179;174.3522
2019-03-07T00:45:00.0/2019-03-07T01:00:00.0;132.6187;94.1800;69.7684;24.4116;181.9622
2019-03-07T01:00:00.0/2019-03-07T01:15:00.0;146.8981;106.3670;79.8598;26.5072;188.0560
2019-03-07T01:15:00.0/2019-03-07T01:30:00.0;160.4610;118.0163;89.5023;28.5139;192.9612
2019-03-07T01:30:00.0/2019-03-07T01:45:00.0;173.2494;129.0452;98.6065;30.4387;196.9058
2019-03-07T01:45:00.0/2019-03-07T02:00:00.0;185.2086;139.3826;107.1047;32.2779;200.0710
2019-03-07T02:00:00.0/2019-03-07T02:15:00.0;196.2875;148.9850;115.0586;33.9264;202.8010
2019-03-07T02:15:00.0/2019-03-07T02:30:00.0;206.4385;157.7720;122.3031;35.4689;204.9732
2019-03-07T02:30:00.0/2019-03-07T02:45:00.0;215.6183;165.6837;128.7407;36.9430;206.5783
2019-03-07T02:45:00.0/2019-03-07T03:00:00.0;223.7876;172.6751;134.3280;38.3471;207.6766
2019-03-07T03:00:00.0/2019-03-07T03:15:00.0;230.9114;178.8854;139.4822;39.4031;208.9897
2019-03-07T03:15:00.0/2019-03-07T03:30:00.0;236.9594;184.2799;144.1890;40.0909;210.5286
2019-03-07T03:30:00.0/2019-03-07T03:45:00.0;241.9055;188.6519;147.9736;40.6783;211.6370
2019-03-07T03:45:00.0/2019-03-07T04:00:00.0;245.7287;191.9790;150.8117;41.1673;212.3401
2019-03-07T04:00:00.0/2019-03-07T04:15:00.0;248.4128;194.2798;152.7194;41.5604;212.7021
2019-03-07T04:15:00.0/2019-03-07T04:30:00.0;249.9461;195.5817;153.7222;41.8594;212.7845
2019-03-07T04:30:00.0/2019-03-07T04:45:00.0;250.3222;195.8073;153.7473;42.0600;212.4983
2019-03-07T04:45:00.0/2019-03-07T05:00:00.0;249.5397;194.9531;152.7930;42.1602;211.8400
2019-03-07T05:00:00.0/2019-03-07T05:15:00.0;247.6018;193.0233;150.8660;42.1573;210.8037
2019-03-07T05:15:00.0/2019-03-07T05:30:00.0;244.5170;190.0278;147.9800;42.0478;209.3775
2019-03-07T05:30:00.0/2019-03-07T05:45:00.0;240.2985;185.9821;144.1550;41.8270;207.5436
2019-03-07T05:45:00.0/2019-03-07T06:00:00.0;234.9644;180.9071;139.4179;41.4892;205.2771
2019-03-07T06:00:00.0/2019-03-07T06:15:00.0;228.5378;174.8356;133.8089;41.0266;202.5552
2019-03-07T06:15:00.0/2019-03-07T06:30:00.0;221.0462;167.7996;127.3685;40.4311;199.3360
2019-03-07T06:30:00.0/2019-03-07T06:45:00.0;212.5217;159.8324;120.1390;39.6934;195.5581
2019-03-07T06:45:00.0/2019-03-07T07:00:00.0;203.0010;150.9803;112.1786;38.8017;191.1577
2019-03-07T07:00:00.0/2019-03-07T07:15:00.0;192.5249;141.2968;103.5551;37.7417;186.0568
2019-03-07T07:15:00.0/2019-03-07T07:30:00.0;181.1383;130.8441;94.3476;36.4965;180.1591
2019-03-07T07:30:00.0/2019-03-07T07:45:00.0;168.8902;119.6942;84.6481;35.0461;173.3462
2019-03-07T07:45:00.0/2019-03-07T08:00:00.0;155.8330;107.9306;74.5634;33.3672;165.4702
2019-03-07T08:00:00.0/2019-03-07T08:15:00.0;142.0228;95.6510;64.2183;31.4327;156.3452
2019-03-07T08:15:00.0/2019-03-07T08:30:00.0;127.5187;82.9715;53.7608;29.2107;145.7368
2019-03-07T08:30:00.0/2019-03-07T08:45:00.0;112.3831;70.0345;43.3705;26.6640;133.3524
2019-03-07T08:45:00.0/2019-03-07T09:00:00.0;96.6808;57.0218;33.2732;23.7486;118.8417
2019-03-07T09:00:00.0/2019-03-07T09:15:00.0;80.4792;44.1474;23.7203;20.4272;101.6434
2019-03-07T09:15:00.0/2019-03-07T09:30:00.0;63.8477;31.7602;15.1251;16.6351;81.4778
2019-03-07T09:30:00.0/2019-03-07T09:45:00.0;46.8576;20.3701;8.0373;12.3328;58.6068
2019-03-07T09:45:00.0/2019-03-07T10:00:00.0;29.5818;10.6249;3.0131;7.6118;34.0278
2019-03-07T10:00:00.0/2019-03-07T10:15:00.0;12.0944;3.3277;0.4672;2.8605;10.2664
2019-03-07T10:15:00.0/2019-03-07T10:30:00.0;0.2831;0.0590;0.0009;0.0581;0.0000
2019-03-07T10:30:00.0/2019-03-07T10:45:00.0;0.0000;0.0000;0.0000;0.0000;0.0000
2019-03-07T10:45:00.0/2019-03-07T11:00:00.0;0.0000;0.0000;0.0000;0.0000;0.0000
2019-03-07T11:00:00.0/2019-03-07T11:15:00.0;0.0000;0.0000;0.0000;0.0000;0.0000
2019-03-07T11:15:00.0/2019-03-07T11:30:00.0;0.0000;0.0000;0.0000;0.0000;0.0000
2019-03-07T11:30:00.0/2019-03-07T11:45:00.0;0.0000;0.0000;0.0000;0.0000;0.0000
2019-03-07T11:45:00.0/2019-03-07T12:00:00.0;0.0000;0.0000;0.0000;0.0000;0.0000
2019-03-07T12:00:00.0/2019-03-07T12:15:00.0;0.0000;0.0000;0.0000;0.0000;0.0000
2019-03-07T12:15:00.0/2019-03-07T12:30:00.0;0.0000;0.0000;0.0000;0.0000;0.0000
2019-03-07T12:30:00.0/2019-03-07T12:45:00.0;0.0000;0.0000;0.0000;0.0000;0.0000
2019-03-07T12:45:00.0/2019-03-07T13:00:00.0;0.0000;0.0000;0.0000;0.0000;0.0000
2019-03-07T13:00:00.0/2019-03-07T13:15:00.0;0.0000;0.0000;0.0000;0.0000;0.0000
2019-03-07T13:15:00.0/2019-03-07T13:30:00.0;0.0000;0.0000;0.0000;0.0000;0.0000
2019-03-07T13:30:00.0/2019-03-07T13:45:00.0;0.0000;0.0000;0.0000;0.0000;0.0000
2019-03-07T13:45:00.0/2019-03-07T14:00:00.0;0.0000;0.0000;0.0000;0.0000;0.0000
2019-03-07T14:00:00.0/2019-03-07T14:15:00.0;0.0000;0.0000;0.0000;0.0000;0.0000
2019-03-07T14:15:00.0/2019-03-07T14:30:00.0;0.0000;0.0000;0.0000;0.0000;0.0000
2019-03-07T14:30:00.0/2019-03-07T14:45:00.0;0.0000;0.0000;0.0000;0.0000;0.0000
2019-03-07T14:45:00.0/2019-03-07T15:00:00.0;0.0000;0.0000;0.0000;0.0000;0.0000
2019-03-07T15:00:00.0/2019-03-07T15:15:00.0;0.0000;0.0000;0.0000;0.0000;0.0000
2019-03-07T15:15:00.0/2019-03-07T15:30:00.0;0.0000;0.0000;0.0000;0.0000;0.0000
2019-03-07T15:30:00.0/2019-03-07T15:45:00.0;0.0000;0.0000;0.0000;0.0000;0.0000
2019-03-07T15:45:00.0/2019-03-07T16:00:00.0;0.0000;0.0000;0.0000;0.0000;0.0000
2019-03-07T16:00:00.0/2019-03-07T16:15:00.0;0.0000;0.0000;0.0000;0.0000;0.0000
2019-03-07T16:15:00.0/2019-03-07T16:30:00.0;0.0000;0.0000;0.0000;0.0000;0.0000
2019-03-07T16:30:00.0/2019-03-07T16:45:00.0;0.0000;0.0000;0.0000;0.0000;0.0000
2019-03-07T16:45:00.0/2019-03-07T17:00:00.0;0.0000;0.0000;0.0000;0.0000;0.0000
2019-03-07T17:00:00.0/2019-03-07T17:15:00.0;0.0000;0.0000;0.0000;0.0000;0.0000
2019-03-07T17:15:00.0/2019-03-07T17:30:00.0;0.0000;0.0000;0.0000;0.0000;0.0000
2019-03-07T17:30:00.0/2019-03-07T17:45:00.0;0.0000;0.0000;0.0000;0.0000;0.0000
2019-03-07T17:45:00.0/2019-03-07T18:00:00.0;0.0000;0.0000;0.0000;0.0000;0.0000
2019-03-07T18:00:00.0/2019-03-07T18:15:00.0;0.0000;0.0000;0.0000;0.0000;0.0000
2019-03-07T18:15:00.0/2019-03-07T18:30:00.0;0.0000;0.0000;0.0000;0.0000;0.0000
2019-03-07T18:30:00.0/2019-03-07T18:45:00.0;0.0000;0.0000;0.0000;0.0000;0.0000
2019-03-07T18:45:00.0/2019-03-07T19:00:00.0;0.0000;0.0000;0.0000;0.0000;0.0000
2019-03-07T19:00:00.0/2019-03-07T19:15:00.0;0.0000;0.0000;0.0000;0.0000;0.0000
2019-03-07T19:15:00.0/2019-03-07T19:30:00.0;0.0000;0.0000;0.0000;0.0000;0.0000
2019-03-07T19:30:00.0/2019-03-07T19:45:00.0;0.0000;0.0000;0.0000;0.0000;0.0000
2019-03-07T19:45:00.0/2019-03-07T20:00:00.0;0.0000;0.0000;0.0000;0.0000;0.0000
2019-03-07T20:00:00.0/2019-03-07T20:15:00.0;0.0000;0.0000;0.0000;0.0000;0.0000
2019-03-07T20:15:00.0/2019-03-07T20:30:00.0;0.0000;0.0000;0.0000;0.0000;0.0000
2019-03-07T20:30:00.0/2019-03-07T20:45:00.0;0.0000;0.0000;0.0000;0.0000;0.0000
2019-03-07T20:45:00.0/2019-03-07T21:00:00.0;0.0000;0.0000;0.0000;0.0000;0.0000
2019-03-07T21:00:00.0/2019-03-07T21:15:00.0;0.0000;0.0000;0.0000;0.0000;0.0000
2019-03-07T21:15:00.0/2019-03-07T21:30:00.0;0.0000;0.0000;0.0000;0.0000;0.0000
2019-03-07T21:30:00.0/2019-03-07T21:45:00.0;0.0000;0.0000;0.0000;0.0000;0.0000
2019-03-07T21:45:00.0/2019-03-07T22:00:00.0;0.0000;0.0000;0.0000;0.0000;0.0000
2019-03-07T22:00:00.0/2019-03-07T22:15:00.0;0.0000;0.0000;0.0000;0.0000;0.0000
2019-03-07T22:15:00.0/2019-03-07T22:30:00.0;0.0000;0.0000;0.0000;0.0000;0.0000
2019-03-07T22:30:00.0/2019-03-07T22:45:00.0;0.0000;0.0000;0.0000;0.0000;0.0000
2019-03-07T22:45:00.0/2019-03-07T23:00:00.0;3.4305;0.7696;0.0396;0.7300;1.0562
2019-03-07T23:00:00.0/2019-03-07T23:15:00.0;19.7936;5.6807;0.9296;4.7511;14.9745
2019-03-07T23:15:00.0/2019-03-07T23:30:00.0;37.2383;13.2752;3.6572;9.6180;33.2366
2019-03-07T23:30:00.0/2019-03-07T23:45:00.0;54.4421;22.7443;8.2221;14.5222;51.7603
2019-03-07T23:45:00.0/2019-03-08T00:00:00.0;71.3315;33.5101;14.2900;19.2201;68.9635
2019-03-08T00:00:00.0/2019-03-08T00:15:00.0;87.8342;44.7502;20.9919;23.7583;82.4876
2019-03-08T00:15:00.0/2019-03-08T00:30:00.0;103.8794;55.9466;27.6595;28.2871;91.9756
2019-03-08T00:30:00.0/2019-03-08T00:45:00.0;119.3986;67.1340;34.3708;32.7632;99.4810
2019-03-08T00:45:00.0/2019-03-08T01:00:00.0;134.3252;78.1760;41.0443;37.1317;105.6143
2019-03-08T01:00:00.0/2019-03-08T01:15:00.0;148.5955;89.1349;48.1803;40.9546;112.0813
2019-03-08T01:15:00.0/2019-03-08T01:30:00.0;162.1482;99.6878;55.1614;44.5264;117.6121
2019-03-08T01:30:00.0/2019-03-08T01:45:00.0;174.9255;109.6971;61.7411;47.9561;122.0366
2019-03-08T01:45:00.0/2019-03-08T02:00:00.0;186.8727;119.0651;67.8196;51.2455;125.4890
2019-03-08T02:00:00.0/2019-03-08T02:15:00.0;197.9385;127.7179;73.3222;54.3957;128.0914
2019-03-08T02:15:00.0/2019-03-08T02:30:00.0;208.0756;135.5930;78.1897;57.4033;129.9435
2019-03-08T02:30:00.0/2019-03-08T02:45:00.0;217.2408;142.6353;82.3743;60.2610;131.1248
2019-03-08T02:45:00.0/2019-03-08T03:00:00.0;225.3947;148.7969;85.8385;62.9584;131.6977
2019-03-08T03:00:00.0/2019-03-08T03:15:00.0;232.5025;154.3636;89.1445;65.2192;132.5853
2019-03-08T03:15:00.0/2019-03-08T03:30:00.0;238.5339;159.3076;92.3144;66.9932;133.8294
2019-03-08T03:30:00.0/2019-03-08T03:45:00.0;243.4629;163.2729;94.7529;68.5199;134.5841
2019-03-08T03:45:00.0/2019-03-08T04:00:00.0;247.2685;166.2327;96.4374;69.7953;134.8685
2019-03-08T04:00:00.0/2019-03-08T04:15:00.0;249.9346;168.1674;97.3534;70.8140;134.6969
2019-03-08T04:15:00.0/2019-03-08T04:30:00.0;251.4497;169.0641;97.4946;71.5695;134.0788
2019-03-08T04:30:00.0/2019-03-08T04:45:00.0;251.8075;168.9170;96.8629;72.0541;133.0197
2019-03-08T04:45:00.0/2019-03-08T05:00:00.0;251.0064;167.7270;95.4681;72.2589;131.5213
2019-03-08T05:00:00.0/2019-03-08T05:15:00.0;249.0499;165.5019;93.3283;72.1736;129.5817
2019-03-08T05:15:00.0/2019-03-08T05:30:00.0;245.9465;162.2567;90.4699;71.7869;127.1957
2019-03-08T05:30:00.0/2019-03-08T05:45:00.0;241.7096;158.0139;86.9275;71.0863;124.3551
2019-03-08T05:45:00.0/2019-03-08T06:00:00.0;236.3573;152.8034;82.7449;70.0585;121.0489
2019-03-08T06:00:00.0/2019-03-08T06:15:00.0;229.9128;146.8287;78.2126;68.6160;117.6238
2019-03-08T06:15:00.0/2019-03-08T06:30:00.0;222.4035;140.1850;73.3479;66.8371;114.0280
2019-03-08T06:30:00.0/2019-03-08T06:45:00.0;213.8618;132.7078;67.9832;64.7246;109.9041
2019-03-08T06:45:00.0/2019-03-08T07:00:00.0;204.3245;124.4490;62.1956;62.2533;105.2350
2019-03-08T07:00:00.0/2019-03-08T07:15:00.0;193.8323;115.4813;56.0694;59.4119;99.9973
2019-03-08T07:15:00.0/2019-03-08T07:30:00.0;182.4303;105.8898;49.6997;56.1901;94.1679
2019-03-08T07:30:00.0/2019-03-08T07:45:00.0;170.1674;95.7740;43.1937;52.5804;87.7268
2019-03-08T07:45:00.0/2019-03-08T08:00:00.0;157.0963;85.2508;36.6704;48.5804;80.6602
2019-03-08T08:00:00.0/2019-03-08T08:15:00.0;143.2729;74.4573;30.2614;44.1959;72.9664
2019-03-08T08:15:00.0/2019-03-08T08:30:00.0;128.7567;63.5557;24.1098;39.4459;64.6633
2019-03-08T08:30:00.0/2019-03-08T08:45:00.0;113.6099;52.7359;18.3683;34.3676;55.8003
2019-03-08T08:45:00.0/2019-03-08T09:00:00.0;97.8974;42.2169;13.1948;29.0221;46.4740
2019-03-08T09:00:00.0/2019-03-08T09:15:00.0;81.6865;32.2747;8.7966;23.4781;37.0795
2019-03-08T09:15:00.0/2019-03-08T09:30:00.0;65.0469;23.1416;5.2579;17.8838;27.7476
2019-03-08T09:30:00.0/2019-03-08T09:45:00.0;48.0499;15.0304;2.6121;12.4183;18.5291
2019-03-08T09:45:00.0/2019-03-08T10:00:00.0;30.7683;8.1889;0.9176;7.2713;9.9326
2019-03-08T10:00:00.0/2019-03-08T10:15:00.0;13.2763;2.8736;0.1319;2.7417;2.7265
2019-03-08T10:15:00.0/2019-03-08T10:30:00.0;0.5430;0.0945;0.0002;0.0943;0.0000
2019-03-08T10:30:00.0/2019-03-08T10:45:00.0;0.0000;0.0000;0.0000;0.0000;0.0000
2019-03-08T10:45:00.0/2019-03-08T11:00:00.0;0.0000;0.0000;0.0000;0.0000;0.0000
2019-03-08T11:00:00.0/2019-03-08T11:15:00.0;0.0000;0.0000;0.0000;0.0000;0.0000
2019-03-08T11:15:00.0/2019-03-08T11:30:00.0;0.0000;0.0000;0.0000;0.0000;0.0000
2019-03-08T11:30:00.0/2019-03-08T11:45:00.0;0.0000;0.0000;0.0000;0.0000;0.0000
2019-03-08T11:45:00.0/2019-03-08T12:00:00.0;0.0000;0.0000;0.0000;0.0000;0.0000
2019-03-08T12:00:00.0/2019-03-08T12:15:00.0;0.0000;0.0000;0.0000;0.0000;0.0000
2019-03-08T12:15:00.0/2019-03-08T12:30:00.0;0.0000;0.0000;0.0000;0.0000;0.0000
2019-03-08T12:30:00.0/2019-03-08T12:45:00.0;0.0000;0.0000;0.0000;0.0000;0.0000
2019-03-08T12:45:00.0/2019-03-08T13:00:00.0;0.0000;0.0000;0.0000;0.0000;0.0000
2019-03-08T13:00:00.0/2019-03-08T13:15:00.0;0.0000;0.0000;0.0000;0.0000;0.0000
2019-03-08T13:15:00.0/2019-03-08T13:30:00.0;0.0000;0.0000;0.0000;0.0000;0.0000
2019-03-08T13:30:00.0/2019-03-08T13:45:00.0;0.0000;0.0000;0.0000;0.0000;0.0000
2019-03-08T13:45:00.0/2019-03-08T14:00:00.0;0.0000;0.0000;0.0000;0.0000;0.0000
2019-03-08T14:00:00.0/2019-03-08T14:15:00.0;0.0000;0.0000;0.0000;0.0000;0.0000
2019-03-08T14:15:00.0/2019-03-08T14:30:00.0;0.0000;0.0000;0.0000;0.0000;0.0000
2019-03-08T14:30:00.0/2019-03-08T14:45:00.0;0.0000;0.0000;0.0000;0.0000;0.0000
2019-03-08T14:45:00.0/2019-03-08T15:00:00.0;0.0000;0.0000;0.0000;0.0000;0.0000
2019-03-08T15:00:00.0/2019-03-08T15:15:00.0;0.0000;0.0000;0.0000;0.0000;0.0000
2019-03-08T15:15:00.0/2019-03-08T15:30:00.0;0.0000;0.0000;0.0000;0.0000;0.0000
2019-03-08T15:30:00.0/2019-03-08T15:45:00.0;0.0000;0.0000;0.0000;0.0000;0.0000
2019-03-08T15:45:00.0/2019-03-08T16:00:00.0;0.0000;0.0000;0.0000;0.0000;0.0000
2019-03-08T16:00:00.0/2019-03-08T16:15:00.0;0.0000;0.0000;0.0000;0.0000;0.0000
2019-03-08T16:15:00.0/2019-03-08T16:30:00.0;0.0000;0.0000;0.0000;0.0000;0.0000
2019-03-08T16:30:00.0/2019-03-08T16:45:00.0;0.0000;0.0000;0.0000;0.0000;0.0000
2019-03-08T16:45:00.0/2019-03-08T17:00:00.0;0.0000;0.0000;0.0000;0.0000;0.0000
2019-03-08T17:00:00.0/2019-03-08T17:15:00.0;0.0000;0.0000;0.0000;0.0000;0.0000
2019-03-08T17:15:00.0/2019-03-08T17:30:00.0;0.0000;0.0000;0.0000;0.0000;0.0000
2019-03-08T17:30:00.0/2019-03-08T17:45:00.0;0.0000;0.0000;0.0000;0.0000;0.0000
2019-03-08T17:45:00.0/2019-03-08T18:00:00.0;0.0000;0.0000;0.0000;0.0000;0.0000
2019-03-08T18:00:00.0/2019-03-08T18:15:00.0;0.0000;0.0000;0.0000;0.0000;0.0000
2019-03-08T18:15:00.0/2019-03-08T18:30:00.0;0.0000;0.0000;0.0000;0.0000;0.0000
2019-03-08T18:30:00.0/2019-03-08T18:45:00.0;0.0000;0.0000;0.0000;0.0000;0.0000
2019-03-08T18:45:00.0/2019-03-08T19:00:00.0;0.0000;0.0000;0.0000;0.0000;0.0000
2019-03-08T19:00:00.0/2019-03-08T19:15:00.0;0.0000;0.0000;0.0000;0.0000;0.0000
2019-03-08T19:15:00.0/2019-03-08T19:30:00.0;0.0000;0.0000;0.0000;0.0000;0.0000
2019-03-08T19:30:00.0/2019-03-08T19:45:00.0;0.0000;0.0000;0.0000;0.0000;0.0000
2019-03-08T19:45:00.0/2019-03-08T20:00:00.0;0.0000;0.0000;0.0000;0.0000;0.0000
2019-03-08T20:00:00.0/2019-03-08T20:15:00.0;0.0000;0.0000;0.0000;0.0000;0.0000
2019-03-08T20:15:00.0/2019-03-08T20:30:00.0;0.0000;0.0000;0.0000;0.0000;0.0000
2019-03-08T20:30:00.0/2019-03-08T20:45:00.0;0.0000;0.0000;0.0000;0.0000;0.0000
2019-03-08T20:45:00.0/2019-03-08T21:00:00.0;0.0000;0.0000;0.0000;0.0000;0.0000
2019-03-08T21:00:00.0/2019-03-08T21:15:00.0;0.0000;0.0000;0.0000;0.0000;0.0000
2019-03-08T21:15:00.0/2019-03-08T21:30:00.0;0.0000;0.0000;0.0000;0.0000;0.0000
2019-03-08T21:30:00.0/2019-03-08T21:45:00.0;0.0000;0.0000;0.0000;0.0000;0.0000
2019-03-08T21:45:00.0/2019-03-08T22:00:00.0;0.0000;0.0000;0.0000;0.0000;0.0000
2019-03-08T22:00:00.0/2019-03-08T22:15:00.0;0.0000;0.0000;0.0000;0.0000;0.0000
2019-03-08T22:15:00.0/2019-03-08T22:30:00.0;0.0000;0.0000;0.0000;0.0000;0.0000
2019-03-08T22:30:00.0/2019-03-08T22:45:00.0;0.0000;0.0000;0.0000;0.0000;0.0000
2019-03-08T22:45:00.0/2019-03-08T23:00:00.0;4.5845;0.8551;0.0066;0.8484;0.2055
2019-03-08T23:00:00.0/2019-03-08T23:15:00.0;21.5411;4.9545;0.2269;4.7276;3.3278
2019-03-08T23:15:00.0/2019-03-08T23:30:00.0;38.9838;10.7484;0.9960;9.7525;8.6140
2019-03-08T23:30:00.0/2019-03-08T23:45:00.0;56.1845;17.8771;2.4614;15.4157;14.9716
2019-03-08T23:45:00.0/2019-03-09T00:00:00.0;73.0695;26.1911;4.7272;21.4639;22.2153
2019-03-09T00:00:00.0/2019-03-09T00:15:00.0;89.5666;35.4500;7.7623;27.6876;29.8438
2019-03-09T00:15:00.0/2019-03-09T00:30:00.0;105.6051;45.3577;11.4131;33.9447;37.2640
2019-03-09T00:30:00.0/2019-03-09T00:45:00.0;121.1163;55.7362;15.6472;40.0890;44.5791
2019-03-09T00:45:00.0/2019-03-09T01:00:00.0;136.0339;66.3681;20.3744;45.9937;51.7075
2019-03-09T01:00:00.0/2019-03-09T01:15:00.0;150.2940;77.0285;25.4333;51.5951;58.4417
2019-03-09T01:15:00.0/2019-03-09T01:30:00.0;163.8356;87.5340;30.6905;56.8435;64.7078
2019-03-09T01:30:00.0/2019-03-09T01:45:00.0;176.6008;97.7283;36.0198;61.7085;70.4664
2019-03-09T01:45:00.0/2019-03-09T02:00:00.0;188.5348;107.4785;41.3046;66.1739;75.6990
2019-03-09T02:00:00.0/2019-03-09T02:15:00.0;199.5866;116.6712;46.4382;70.2330;80.4016
2019-03-09T02:15:00.0/2019-03-09T02:30:00.0;209.7090;125.2103;51.3254;73.8848;84.5791
2019-03-09T02:30:00.0/2019-03-09T02:45:00.0;218.8587;133.0135;55.8817;77.1317;88.2416
2019-03-09T02:45:00.0/2019-03-09T03:00:00.0;226.9963;140.0110;60.0332;79.9779;91.4017
2019-03-09T03:00:00.0/2019-03-09T03:15:00.0;234.0873;146.1457;63.6983;82.4474;94.0466
2019-03-09T03:15:00.0/2019-03-09T03:30:00.0;240.1012;151.3684;66.8211;84.5473;96.1877
2019-03-09T03:30:00.0/2019-03-09T03:45:00.0;245.0124;155.6375;69.3748;86.2628;97.8630
2019-03-09T03:45:00.0/2019-03-09T04:00:00.0;248.7998;158.9214;71.3250;87.5964;99.0831
2019-03-09T04:00:00.0/2019-03-09T04:15:00.0;251.4473;161.1965;72.6468;88.5497;99.8568
2019-03-09T04:15:00.0/2019-03-09T04:30:00.0;252.9436;162.4464;73.3236;89.1228;100.1907
2019-03-09T04:30:00.0/2019-03-09T04:45:00.0;253.2824;162.6625;73.3479;89.3146;100.0893
2019-03-09T04:45:00.0/2019-03-09T05:00:00.0;252.4623;161.8432;72.7206;89.1226;99.5549
2019-03-09T05:00:00.0/2019-03-09T05:15:00.0;250.4868;159.9944;71.4516;88.5428;98.5878
2019-03-09T05:15:00.0/2019-03-09T05:30:00.0;247.3645;157.1291;69.5589;87.5702;97.1862
2019-03-09T05:30:00.0/2019-03-09T05:45:00.0;243.1089;153.2684;67.0696;86.1987;95.3466
2019-03-09T05:45:00.0/2019-03-09T06:00:00.0;237.7382;148.4409;64.0195;84.4214;93.0641
2019-03-09T06:00:00.0/2019-03-09T06:15:00.0;231.2755;142.4819;60.1481;82.3338;89.8744
2019-03-09T06:15:00.0/2019-03-09T06:30:00.0;223.7486;135.4491;55.5506;79.8985;85.7929
2019-03-09T06:30:00.0/2019-03-09T06:45:00.0;215.1897;127.6113;50.6255;76.9857;81.2915
2019-03-09T06:45:00.0/2019-03-09T07:00:00.0;205.6357;119.0429;45.4575;73.5854;76.3785
2019-03-09T07:00:00.0/2019-03-09T07:15:00.0;195.1276;109.8320;40.1394;69.6927;71.0680
2019-03-09T07:15:00.0/2019-03-09T07:30:00.0;183.7103;100.0817;34.7716;65.3101;65.3821
2019-03-09T07:30:00.0/2019-03-09T07:45:00.0;171.4330;89.9122;29.4612;60.4510;59.3541
2019-03-09T07:45:00.0/2019-03-09T08:00:00.0;158.3483;79.4625;24.3195;55.1431;53.0320
2019-03-09T08:00:00.0/2019-03-09T08:15:00.0;144.5123;68.8919;19.4592;49.4326;46.4818
2019-03-09T08:15:00.0/2019-03-09T08:30:00.0;129.9843;58.3798;14.9903;43.3895;39.7914
2019-03-09T08:30:00.0/2019-03-09T08:45:00.0;114.8267;48.1236;11.0136;37.1100;33.0725
2019-03-09T08:45:00.0/2019-03-09T09:00:00.0;99.1045;38.3316;7.6132;30.7185;26.4608
2019-03-09T09:00:00.0/2019-03-09T09:15:00.0;82.8852;29.2814;4.8965;24.3849;20.3204
2019-03-09T09:15:00.0/2019-03-09T09:30:00.0;66.2381;21.1063;2.8349;18.2714;14.6750
2019-03-09T09:30:00.0/2019-03-09T09:45:00.0;49.2349;13.8783;1.3648;12.5135;9.4358
2019-03-09T09:45:00.0/2019-03-09T10:00:00.0;31.9483;7.7462;0.4645;7.2817;4.8347
2019-03-09T10:00:00.0/2019-03-09T10:15:00.0;14.4524;2.8830;0.0634;2.8196;1.2210
2019-03-09T10:15:00.0/2019-03-09T10:30:00.0;0.8802;0.1422;0.0001;0.1421;0.0000
2019-03-09T10:30:00.0/2019-03-09T10:45:00.0;0.0000;0.0000;0.0000;0.0000;0.0000
2019-03-09T10:45:00.0/2019-03-09T11:00:00.0;0.0000;0.0000;0.0000;0.0000;0.0000
2019-03-09T11:00:00.0/2019-03-09T11:15:00.0;0.0000;0.0000;0.0000;0.0000;0.0000
2019-03-09T11:15:00.0/2019-03-09T11:30:00.0;0.0000;0.0000;0.0000;0.0000;0.0000
2019-03-09T11:30:00.0/2019-03-09T11:45:00.0;0.0000;0.0000;0.0000;0.0000;0.0000
2019-03-09T11:45:00.0/2019-03-09T12:00:00.0;0.0000;0.0000;0.0000;0.0000;0.0000
2019-03-09T12:00:00.0/2019-03-09T12:15:00.0;0.0000;0.0000;0.0000;0.0000;0.0000
2019-03-09T12:15:00.0/2019-03-09T12:30:00.0;0.0000;0.0000;0.0000;0.0000;0.0000
2019-03-09T12:30:00.0/2019-03-09T12:45:00.0;0.0000;0.0000;0.0000;0.0000;0.0000
2019-03-09T12:45:00.0/2019-03-09T13:00:00.0;0.0000;0.0000;0.0000;0.0000;0.0000
2019-03-09T13:00:00.0/2019-03-09T13:15:00.0;0.0000;0.0000;0.0000;0.0000;0.0000
2019-03-09T13:15:00.0/2019-03-09T13:30:00.0;0.0000;0.0000;0.0000;0.0000;0.0000
2019-03-09T13:30:00.0/2019-03-09T13:45:00.0;0.0000;0.0000;0.0000;0.0000;0.0000
2019-03-09T13:45:00.0/2019-03-09T14:00:00.0;0.0000;0.0000;0.0000;0.0000;0.0000
2019-03-09T14:00:00.0/2019-03-09T14:15:00.0;0.0000;0.0000;0.0000;0.0000;0.0000
2019-03-09T14:15:00.0/2019-03-09T14:30:00.0;0.0000;0.0000;0.0000;0.0000;0.0000
2019-03-09T14:30:00.0/2019-03-09T14:45:00.0;0.0000;0.0000;0.0000;0.0000;0.0000
2019-03-09T14:45:00.0/2019-03-09T15:00:00.0;0.0000;0.0000;0.0000;0.0000;0.0000
2019-03-09T15:00:00.0/2019-03-09T15:15:00.0;0.0000;0.0000;0.0000;0.0000;0.0000
2019-03-09T15:15:00.0/2019-03-09T15:30:00.0;0.0000;0.0000;0.0000;0.0000;0.0000
2019-03-09T15:30:00.0/2019-03-09T15:45:00.0;0.0000;0.0000;0.0000;0.0000;0.0000
2019-03-09T15:45:00.0/2019-03-09T16:00:00.0;0.0000;0.0000;0.0000;0.0000;0.0000
2019-03-09T16:00:00.0/2019-03-09T16:15:00.0;0.0000;0.0000;0.0000;0.0000;0.0000
2019-03-09T16:15:00.0/2019-03-09T16:30:00.0;0.0000;0.0000;0.0000;0.0000;0.0000
2019-03-09T16:30:00.0/2019-03-09T16:45:00.0;0.0000;0.0000;0.0000;0.0000;0.0000
2019-03-09T16:45:00.0/2019-03-09T17:00:00.0;0.0000;0.0000;0.0000;0.0000;0.0000
2019-03-09T17:00:00.0/2019-03-09T17:15:00.0;0.0000;0.0000;0.0000;0.0000;0.0000
2019-03-09T17:15:00.0/2019-03-09T17:30:00.0;0.0000;0.0000;0.0000;0.0000;0.0000
2019-03-09T17:30:00.0/2019-03-09T17:45:00.0;0.0000;0.0000;0.0000;0.0000;0.0000
2019-03-09T17:45:00.0/2019-03-09T18:00:00.0;0.0000;0.0000;0.0000;0.0000;0.0000
2019-03-09T18:00:00.0/2019-03-09T18:15:00.0;0.0000;0.0000;0.0000;0.0000;0.0000
2019-03-09T18:15:00.0/2019-03-09T18:30:00.0;0.0000;0.0000;0.0000;0.0000;0.0000
2019-03-09T18:30:00.0/2019-03-09T18:45:00.0;0.0000;0.0000;0.0000;0.0000;0.0000
2019-03-09T18:45:00.0/2019-03-09T19:00:00.0;0.0000;0.0000;0.0000;0.0000;0.0000
2019-03-09T19:00:00.0/2019-03-09T19:15:00.0;0.0000;0.0000;0.0000;0.0000;0.0000
2019-03-09T19:15:00.0/2019-03-09T19:30:00.0;0.0000;0.0000;0.0000;0.0000;0.0000
2019-03-09T19:30:00.0/2019-03-09T19:45:00.0;0.0000;0.0000;0.0000;0.0000;0.0000
2019-03-09T19:45:00.0/2019-03-09T20:00:00.0;0.0000;0.0000;0.0000;0.0000;0.0000
2019-03-09T20:00:00.0/2019-03-09T20:15:00.0;0.0000;0.0000;0.0000;0.0000;0.0000
2019-03-09T20:15:00.0/2019-03-09T20:30:00.0;0.0000;0.0000;0.0000;0.0000;0.0000
2019-03-09T20:30:00.0/2019-03-09T20:45:00.0;0.0000;0.0000;0.0000;0.0000;0.0000
2019-03-09T20:45:00.0/2019-03-09T21:00:00.0;0.0000;0.0000;0.0000;0.0000;0.0000
